-726.165,-827.588,-591.63,-819.356,-515.94,-720.215,-388.6,-732.962,-231.21,-664.91,-198.31,-669.465,-30.1347,-620.223,-26.5047,-447.01,80.1842,-288.408,19.8554,-315.414,-57.5617,-448.053,-185.527,-451.426,-1.56553,-387.691,-159.085,-502.106,-214.608,-320.095,-178.119,-273.91,-222.418,-259.258,-335.038,-102.985,-372.588,-190.15,-346.78,-372.114,-507.747,-432.593,-568.1,-460.414,-692.385,-610.733,-792.526,-746.078,-765.141,-807.508
-726.207,-827.794,-591.03,-819.704,-515.911,-720.119,-388.584,-732.985,-231.246,-665.373,-198.23,-669.792,-29.8969,-621.082,-26.3699,-446.751,79.0946,-288.83,19.6559,-315.801,-57.9877,-447.783,-185.481,-450.674,-177.663,-273.755,-222.637,-258.817,-334.991,-102.805,-372.711,-190.437,-347.126,-371.733,-507.944,-432.351,-568.583,-460.079,-692.733,-610.361,-792.673,-745.791,-765.562,-807.736
-726.325,-828.102,-590.287,-820.1,-515.881,-719.992,-388.575,-733.003,-231.275,-666.034,-198.143,-670.256,-29.5914,-622.256,-26.2006,-446.429,77.7054,-289.444,19.3335,-316.264,-58.4561,-447.442,-185.394,-449.712,-177.121,-273.55,-222.855,-258.285,-334.949,-102.586,-372.874,-190.791,-347.414,-371.285,-508.285,-431.941,-569.211,-459.643,-693.155,-609.986,-792.965,-745.454,-766.11,-808.027
-726.516,-828.496,-589.433,-820.529,-515.848,-719.835,-388.561,-733.008,-231.303,-666.881,-198.054,-670.861,-29.2753,-623.686,-26.0018,-446.064,76.0877,-290.196,18.8748,-316.787,-58.9371,-447.056,-0.31551,-385.714,-185.231,-448.593,-176.509,-273.311,-223.048,-257.695,-334.908,-102.333,-373.067,-191.203,-347.617,-370.782,-508.762,-431.378,-569.966,-459.114,-693.631,-609.62,-793.395,-745.098,-766.766,-808.371
-726.774,-828.961,-588.491,-820.989,-515.812,-719.648,-388.539,-732.996,-231.324,-667.898,-197.965,-671.608,-28.9606,-625.333,-25.8564,-445.795,74.2834,-291.061,18.2844,-317.35,-59.4234,-446.644,0.151997,-384.912,-184.992,-447.35,-175.83,-273.043,-223.207,-257.06,-334.871,-102.052,-373.288,-191.666,-347.743,-370.221,-509.36,-430.679,-570.842,-458.502,-694.152,-609.267,-793.95,-744.746,-767.516,-808.764
-727.091,-829.489,-587.563,-821.476,-515.773,-719.432,-388.508,-732.967,-231.337,-669.069,-197.868,-672.492,-28.631,-627.124,-25.7365,-445.569,72.33,-292.024,17.5667,-317.95,-59.9096,-446.21,0.476393,-384.321,-60.8485,-542.796,-26.6368,-481.789,-184.684,-446.008,-175.087,-272.746,-223.324,-256.384,-334.837,-101.748,-373.533,-192.171,-347.807,-369.595,-510.073,-429.861,-571.831,-457.812,-694.714,-608.878,-794.62,-744.41,-768.356,-809.206
-727.413,-830.064,-586.642,-822.089,-515.736,-719.186,-388.466,-732.92,-197.762,-673.505,-28.2777,-629.026,-25.6441,-445.371,70.2783,-293.077,0.705361,-383.849,-60.4104,-445.77,16.7108,-318.615,-26.2182,-481.787,-184.313,-444.582,-174.281,-272.42,-223.398,-255.67,-334.811,-101.425,-373.801,-192.717,-347.826,-368.898,-510.891,-428.933,-572.929,-457.051,-695.302,-608.438,-795.394,-744.099,-769.246,-809.686
-727.724,-830.682,-585.719,-822.848,-515.698,-718.909,-388.483,-733.013,-197.644,-674.642,-27.8972,-631.013,-25.7724,-481.754,0.857622,-383.452,-157.813,-498.29,-211.813,-322.751,-173.411,-272.064,-223.426,-254.917,-334.793,-101.088,-374.091,-193.299,-347.814,-368.124,-511.807,-427.909,-574.128,-456.226,-695.918,-607.947,-796.255,-743.815,-770.168,-810.203
-728.022,-831.337,-584.789,-823.75,-515.661,-718.603,-388.565,-733.28,-197.505,-675.884,-27.487,-633.068,-25.3085,-481.71,0.947773,-383.107,-157.457,-497.542,-211.181,-323.077,-172.48,-271.677,-223.41,-254.125,-334.801,-100.792,-374.343,-193.655,-347.778,-367.326,-512.815,-426.796,-575.427,-455.337,-696.561,-607.408,-797.187,-743.561,-771.114,-810.757
-728.31,-832.028,-583.848,-824.784,-515.625,-718.266,-388.706,-733.723,-197.339,-677.218,-27.0474,-635.182,-24.8287,-481.664,0.985986,-382.798,-157.054,-496.765,-210.493,-323.388,-171.49,-271.256,-223.346,-253.293,-334.825,-100.516,-374.579,-193.766,-347.727,-366.509,-513.914,-425.598,-576.841,-454.44,-697.23,-606.823,-798.172,-743.339,-772.081,-811.348
-728.59,-832.757,-582.896,-825.94,-515.594,-717.9,-388.898,-734.33,-197.148,-678.636,-26.5645,-637.314,-24.3263,-481.621,0.9763,-382.538,-156.605,-495.962,-209.75,-323.688,-199.383,-277.804,-223.237,-252.421,-334.864,-100.251,-374.809,-193.645,-347.663,-365.673,-455.464,-403.084,-544.118,-322.33,-590.499,-472.596,-753.377,-586.668,-799.201,-743.15,-773.067,-811.977
-728.864,-833.522,-581.928,-827.193,-515.564,-717.504,-389.133,-735.093,-196.925,-680.13,-26.0351,-639.45,-23.8026,-481.58,0.926862,-382.327,-155.731,-495.214,-208.953,-323.976,-198.766,-277.472,-223.083,-251.51,-334.915,-99.9944,-375.034,-193.312,-347.59,-364.818,-456.382,-401.611,-544.357,-322.167,-592.145,-471.508,-754.548,-585.849,-800.265,-742.993,-774.07,-812.646
-729.138,-834.323,-580.935,-828.521,-515.052,-717.302,-389.406,-736.002,-230.549,-679.919,-196.669,-681.694,-25.4591,-641.588,-23.2544,-481.545,164.724,-470.76,327.195,-452.74,476.943,-356.428,583.346,-316.426,656.846,-282.763,774.283,-154.565,921.775,-38.8,961.032,14.2128,807.296,17.3397,616.999,46.9126,526.87,24.9332,458.412,-76.3372,330.592,-101.577,258.17,-87.6164,85.8414,-143.882,-39.4859,-213.369,-222.884,-250.56,-334.977,-99.7445,-375.255,-192.789,-347.513,-363.938,-457.3,-400.143,-544.623,-321.988,-593.82,-470.469,-755.75,-584.971,-801.36,-742.87,-775.094,-813.354
-729.415,-835.16,-580.041,-829.896,-514.542,-717.069,-389.71,-737.047,-230.319,-681.744,-196.38,-683.325,-24.8376,-643.729,-22.6809,-481.516,165.153,-470.8,328.466,-455.58,477.838,-358.935,583.349,-316.707,657.539,-282.773,775.909,-155.474,921.875,-39.1964,961.768,14.6253,807.51,17.7906,617.782,48.6389,526.338,26.6603,458.712,-74.4264,331.254,-98.9336,258.872,-84.4855,84.4211,-142.245,-41.4475,-212.654,-222.646,-249.571,-335.051,-99.501,-375.473,-192.087,-347.433,-363.031,-458.238,-398.663,-519.045,-420.342,-583.517,-450.514,-700.143,-603.719,-802.483,-742.778,-776.14,-814.101
-729.695,-836.034,-579.182,-831.292,-514.037,-716.807,-390.025,-738.133,-230.074,-683.62,-196.036,-684.996,-24.2821,-645.795,-22.0835,-481.492,165.612,-470.842,329.77,-458.579,478.701,-361.451,583.371,-316.998,658.256,-282.792,777.589,-156.394,921.986,-39.6014,962.525,15.0436,807.74,18.2663,618.608,50.4432,525.807,28.4516,458.954,-72.5514,259.524,-81.3287,83.0795,-140.647,-43.4707,-211.96,-222.372,-248.544,-335.137,-99.2638,-375.687,-191.223,-347.354,-362.094,-459.203,-397.166,-520.463,-418.976,-585.395,-449.483,-700.889,-602.836,-803.635,-742.712,-777.207,-814.887
-729.982,-836.947,-578.331,-832.699,-513.538,-716.515,-390.338,-739.222,-229.807,-685.545,-195.638,-686.702,-23.7588,-647.816,-21.4501,-481.483,166.101,-470.888,331.104,-461.727,479.545,-363.98,583.411,-317.299,659,-282.818,779.317,-157.33,922.11,-40.0167,963.305,15.4633,807.989,18.7656,619.441,52.3041,525.28,30.314,459.189,-70.678,260.115,-78.1454,81.7952,-139.07,-45.5451,-211.283,-222.062,-247.479,-335.237,-99.0326,-375.897,-190.203,-347.274,-361.124,-460.196,-395.652,-521.931,-417.595,-587.341,-448.445,-701.631,-601.93,-804.814,-742.674,-778.301,-815.711
-730.278,-837.896,-577.478,-834.113,-513.043,-716.194,-390.644,-740.298,-229.517,-687.521,-195.185,-688.442,-23.2477,-649.81,-20.7487,-481.471,166.62,-470.937,332.463,-465.01,480.381,-366.522,659.768,-282.852,781.093,-158.282,922.248,-40.4435,964.108,15.8875,808.256,19.2886,620.27,54.2134,524.751,32.2394,459.438,-68.7943,260.646,-74.9319,80.563,-137.495,-47.6673,-210.619,-221.715,-246.376,-335.296,-98.4317,-376.202,-189.487,-347.19,-360.125,-461.22,-394.119,-523.267,-416.587,-589.355,-447.398,-702.386,-600.99,-806.021,-742.662,-779.417,-816.575
-730.584,-838.885,-576.616,-835.534,-512.549,-715.843,-390.946,-741.357,-229.2,-689.548,-194.681,-690.218,-22.7361,-651.793,-19.983,-481.46,167.169,-470.99,333.842,-468.418,481.216,-369.076,660.556,-282.895,782.92,-159.252,922.403,-40.8824,964.934,16.3136,808.542,19.835,621.131,56.1842,524.21,34.2075,459.673,-66.9292,261.114,-71.6854,79.381,-135.911,-49.828,-209.962,-221.331,-245.235,-335.352,-97.6711,-376.556,-188.858,-347.103,-359.095,-462.239,-392.644,-524.358,-415.664,-591.399,-446.422,-703.16,-600.016,-807.256,-742.678,-780.558,-817.478
-730.898,-839.913,-575.737,-836.96,-512.058,-715.461,-391.286,-742.498,-228.838,-691.592,-194.133,-692.033,-22.2145,-653.774,-19.2968,-481.745,167.747,-471.05,335.217,-471.894,482.058,-371.643,583.635,-318.249,661.366,-282.945,784.797,-160.238,922.572,-41.333,965.784,16.7401,808.844,20.4071,622.033,58.2188,523.656,36.2112,459.89,-65.0816,261.4,-68.4986,78.2217,-134.338,-52.0154,-209.299,-220.912,-244.054,-335.44,-97.0447,-376.865,-187.942,-347.039,-358.045,-463.221,-391.217,-525.361,-414.766,-593.423,-445.513,-703.954,-599.008,-808.517,-742.724,-781.722,-818.422
-731.227,-840.979,-574.84,-838.391,-511.567,-715.05,-391.64,-743.659,-228.454,-693.681,-193.543,-693.883,-21.6773,-655.761,-18.6041,-482.151,168.103,-472.16,336.58,-475.418,482.91,-374.226,583.741,-318.583,662.199,-283.003,786.618,-161.116,922.752,-41.7948,966.66,17.1648,809.16,21.0052,622.863,60.1379,523.233,38.2263,460.132,-63.2216,261.582,-65.4011,77.0725,-132.782,-54.2232,-208.625,-220.464,-242.832,-335.517,-96.1838,-377.23,-187.191,-347.006,-356.982,-464.174,-389.819,-526.319,-413.88,-595.426,-444.658,-704.774,-597.965,-809.802,-742.8,-782.913,-819.406
-731.568,-842.084,-573.923,-839.828,-511.078,-714.609,-391.998,-744.813,-228.052,-695.822,-192.913,-695.771,-21.1281,-657.771,-17.8721,-482.564,168.488,-473.28,337.999,-478.839,483.777,-376.825,583.863,-318.926,663.057,-283.066,788.419,-161.952,922.946,-42.2702,967.559,17.5878,809.491,21.6296,623.64,61.9936,522.894,40.2609,460.414,-61.3406,261.682,-62.3643,75.9261,-131.239,-56.4502,-207.937,-219.989,-241.567,-335.625,-95.4378,-377.545,-186.174,-347.005,-355.915,-465.103,-388.437,-550.992,-314.796,-609.19,-462.694,-766.271,-576.068,-811.114,-742.906,-784.133,-820.43
-731.923,-843.231,-572.987,-841.273,-510.59,-714.138,-392.355,-745.949,-227.631,-698.012,-192.252,-697.701,-20.5442,-659.781,-17.1087,-482.992,168.9,-474.412,339.422,-482.256,484.66,-379.44,584.446,-319.604,663.937,-283.136,790.214,-162.77,923.153,-42.76,968.482,18.0092,809.835,22.2809,624.386,63.8462,522.595,42.3249,460.722,-59.4208,261.714,-59.3712,74.7776,-129.706,-58.6947,-207.235,-219.494,-240.262,-335.72,-94.4572,-377.921,-185.329,-347.015,-354.863,-466.011,-387.055,-552.256,-313.238,-611.225,-461.826,-767.683,-574.782,-812.455,-743.041,-785.38,-821.497
-732.292,-844.417,-572.028,-842.725,-510.099,-713.637,-392.71,-747.065,-227.195,-700.248,-191.561,-699.673,-19.921,-661.789,-16.3218,-483.444,169.339,-475.559,340.832,-485.699,485.558,-382.077,585.224,-320.439,664.807,-283.763,792.008,-163.582,923.371,-43.2644,969.43,18.4286,810.193,22.9592,625.113,65.7123,522.323,44.4106,461.055,-57.4588,261.685,-56.4098,230.196,-69.5878,73.6252,-128.179,-60.9565,-206.517,-218.99,-238.863,-335.849,-93.5876,-378.247,-184.233,-347.031,-353.833,-466.898,-385.674,-553.55,-311.675,-613.29,-460.938,-769.125,-573.461,-813.825,-743.206,-786.549,-822.589
-732.664,-845.639,-571.051,-844.186,-509.611,-713.106,-393.065,-748.161,-226.747,-702.529,-190.849,-701.689,-19.2622,-663.796,-15.515,-483.924,169.803,-476.721,342.224,-489.181,486.472,-384.734,586.089,-321.469,665.765,-284.658,793.805,-164.393,923.602,-43.784,970.402,18.8458,810.562,23.6648,625.825,67.5932,522.069,46.517,461.388,-55.465,261.594,-53.4714,229.884,-66.5455,72.4689,-126.655,-63.2387,-205.784,-218.481,-237.36,-336.004,-92.7681,-378.543,-182.962,-347.057,-352.816,-467.767,-384.295,-554.874,-310.11,-615.383,-460.027,-770.6,-572.106,-815.191,-743.396,-787.679,-823.714
-733.043,-846.892,-570.053,-845.656,-509.123,-712.545,-393.421,-749.238,-226.292,-704.854,-190.114,-703.748,-18.5692,-665.804,-14.6845,-484.436,170.294,-477.897,343.6,-492.709,487.402,-387.414,587.013,-322.671,666.826,-285.717,795.608,-165.21,923.843,-44.3181,971.318,19.1621,810.944,24.3981,626.527,69.4931,521.829,48.6504,461.711,-53.4403,338.067,-70.9325,261.462,-50.5199,229.518,-63.4993,71.3108,-125.127,-65.5407,-205.035,-217.966,-235.754,-336.125,-91.6651,-378.923,-181.927,-347.096,-351.81,-468.622,-382.917,-556.228,-308.543,-617.507,-459.091,-772.125,-570.774,-816.547,-743.61,-788.791,-824.872
-733.428,-848.177,-569.035,-847.131,-508.634,-711.954,-393.821,-750.397,-225.81,-707.19,-189.362,-705.851,-17.8464,-667.815,-13.8337,-484.978,170.811,-479.087,344.96,-496.285,488.326,-390.112,587.986,-324.011,667.99,-286.895,797.417,-166.034,924.087,-44.8835,972.2,19.4063,811.339,25.158,627.222,71.4111,521.601,50.8115,461.957,-51.5392,338.666,-68.2211,261.298,-47.5429,229.105,-60.442,70.1551,-123.593,-67.5441,-204.217,-217.547,-234.074,-336.252,-90.4365,-379.347,-180.966,-347.147,-350.81,-469.466,-381.539,-557.612,-306.972,-619.531,-458.09,-773.709,-569.485,-817.89,-743.848,-789.894,-826.063
-733.821,-849.493,-567.995,-848.612,-394.239,-751.575,-225.321,-709.566,-188.588,-707.991,-17.095,-669.832,-12.9679,-485.551,171.355,-480.291,346.301,-499.905,489.247,-392.833,588.808,-325.398,669.344,-288.04,799.234,-166.868,924.33,-45.4844,973.061,19.5929,811.75,25.9435,627.912,73.3484,521.381,53.0005,462.152,-49.7051,339.258,-65.4609,261.098,-44.5359,228.662,-57.3677,69.0018,-122.042,-68.501,-203.125,-217.24,-232.33,-336.418,-89.3272,-379.721,-179.758,-347.204,-349.812,-470.327,-380.178,-559.025,-305.398,-621.506,-457.042,-775.351,-568.242,-819.221,-744.109,-790.992,-827.287
-734.219,-850.842,-566.937,-850.1,-394.662,-752.746,-224.832,-711.984,-187.797,-710.169,-16.3119,-671.862,-12.0825,-486.155,171.925,-481.509,273.873,-494.958,347.621,-503.569,490.18,-395.575,589.579,-326.806,670.787,-289.175,801.058,-167.711,924.569,-46.1216,973.91,19.7318,812.176,26.7549,628.599,75.3027,521.166,55.2109,462.307,-47.9116,339.838,-62.6581,260.867,-41.4971,228.198,-54.2709,67.8524,-120.472,-68.8811,-201.878,-217.106,-230.554,-336.613,-88.2726,-380.069,-178.381,-347.27,-348.818,-471.215,-378.835,-560.468,-303.821,-623.458,-455.964,-777.053,-567.045,-820.544,-744.395,-792.093,-828.544
-734.62,-852.223,-565.862,-851.595,-395.085,-753.898,-224.345,-714.447,-186.991,-712.387,-15.4983,-673.906,-11.1927,-486.788,172.521,-482.743,274.443,-498.647,348.919,-507.275,491.133,-398.34,590.337,-328.222,672.277,-290.31,802.887,-168.563,924.804,-46.7959,974.75,19.8274,812.617,27.5917,629.293,77.2495,520.952,57.4369,462.425,-46.1482,340.402,-59.8166,260.607,-38.4252,227.721,-51.1476,66.7095,-118.884,-68.8969,-200.525,-217.135,-228.752,-336.835,-87.2468,-380.401,-176.873,-347.349,-347.825,-472.129,-377.509,-561.941,-302.24,-625.405,-454.86,-778.816,-565.895,-821.865,-744.702,-793.198,-829.832
-735.022,-853.639,-564.775,-853.097,-395.507,-755.029,-223.861,-716.955,-186.173,-714.644,-14.6643,-675.966,-10.3047,-487.449,173.142,-483.993,274.986,-502.375,350.194,-511.021,492.108,-401.128,591.095,-329.645,673.798,-291.446,804.723,-169.426,925.037,-47.5086,975.584,19.8846,813.077,28.4525,629.988,79.1976,520.843,59.7131,462.505,-44.4032,340.948,-56.939,260.322,-35.3198,227.149,-48.0722,65.2004,-117.144,-68.6541,-199.09,-217.301,-226.925,-284.005,-38.751,-337.021,-85.9304,-380.833,-175.625,-347.444,-346.831,-473.07,-376.194,-563.444,-300.654,-627.36,-453.736,-780.64,-564.788,-823.186,-745.03,-794.306,-831.153
-735.422,-855.09,-563.666,-854.604,-395.927,-756.135,-223.382,-719.512,-185.341,-716.943,-13.8163,-678.045,-9.36954,-488.136,173.789,-485.259,275.504,-506.144,351.449,-514.809,493.107,-403.937,591.86,-331.071,675.345,-292.584,806.506,-170.177,925.267,-48.2588,976.417,19.9083,813.554,29.3384,630.684,81.1502,520.803,62.0223,462.552,-42.6722,341.475,-54.0269,260.002,-32.1965,226.56,-45.0257,63.5215,-115.317,-68.2102,-197.584,-217.579,-225.073,-283.775,-37.1671,-337.204,-84.4939,-381.316,-174.505,-347.552,-345.817,-474.036,-374.89,-564.976,-299.062,-629.327,-452.597,-782.524,-563.723,-824.51,-745.38,-795.417,-832.508
-735.823,-856.576,-562.538,-856.115,-396.347,-757.216,-222.819,-722.01,-184.502,-719.285,-12.9637,-680.141,-8.37541,-488.848,174.462,-486.539,275.993,-509.946,352.682,-518.637,494.13,-406.769,592.91,-332.615,676.914,-293.723,808.255,-170.853,925.49,-49.0451,977.248,19.8994,814.048,30.2481,631.378,83.1069,520.812,64.3556,462.46,-41.0595,341.979,-51.0861,259.649,-29.0604,225.968,-41.9921,62.0398,-113.532,-67.6084,-196.018,-217.952,-223.357,-283.542,-35.4879,-337.424,-83.1808,-381.743,-173.252,-347.68,-344.779,-475.027,-373.597,-566.538,-297.467,-631.373,-451.539,-784.563,-562.747,-825.834,-745.755,-796.532,-833.899
-736.224,-858.097,-561.39,-857.632,-396.764,-758.272,-222.206,-724.476,-183.656,-721.666,-12.1103,-682.258,-7.31682,-489.586,175.161,-487.834,276.45,-513.777,353.894,-522.502,495.176,-409.62,593.889,-334.128,678.582,-294.897,809.981,-171.472,925.708,-49.8674,978.078,19.8571,814.56,31.1821,632.07,85.0729,520.858,66.7063,462.273,-39.5291,342.46,-48.1225,259.277,-25.9126,225.34,-38.9671,60.6521,-111.753,-67.0165,-194.466,-218.405,-221.713,-283.318,-33.7747,-337.67,-81.9265,-382.139,-171.956,-347.832,-343.713,-476.041,-372.305,-568.129,-295.867,-633.483,-450.538,-786.765,-561.864,-827.159,-746.154,-797.647,-835.325
-736.623,-859.654,-560.227,-859.156,-397.179,-759.303,-221.56,-726.921,-182.801,-724.081,-11.2566,-684.396,-6.20031,-490.349,175.885,-489.145,276.876,-517.637,355.084,-526.404,496.241,-412.494,594.848,-335.635,680.3,-296.088,811.694,-172.046,925.92,-50.7264,978.908,19.7824,815.092,32.1393,632.762,87.0501,520.928,69.0645,462.019,-38.0653,342.917,-45.1407,258.878,-22.754,224.673,-35.9467,59.2374,-110.04,-66.3941,-192.91,-218.882,-220.076,-283.106,-32.054,-337.937,-80.7048,-382.521,-170.546,-348.002,-342.653,-477.078,-371.016,-569.751,-294.263,-635.652,-449.579,-789.048,-561.027,-828.486,-746.58,-798.764,-836.789
-737.022,-861.247,-559.046,-860.687,-397.595,-760.311,-220.892,-729.356,-181.93,-726.524,-10.4029,-686.557,-5.03193,-491.135,176.635,-490.473,277.267,-521.523,356.253,-530.341,497.326,-415.39,595.805,-337.141,682.049,-297.286,813.397,-172.581,926.126,-51.6232,979.738,19.6785,815.643,33.1183,633.451,89.04,521.011,71.4207,461.712,-36.6571,343.355,-42.1428,258.454,-19.5847,223.968,-32.9269,57.8059,-108.366,-65.7192,-191.335,-219.37,-218.419,-282.907,-30.3329,-338.225,-79.5051,-382.894,-169.017,-348.19,-341.6,-478.138,-369.726,-571.402,-292.656,-637.875,-448.657,-791.38,-560.217,-829.814,-747.034,-799.885,-838.29
-737.417,-862.879,-558.029,-862.28,-398.006,-761.296,-220.205,-731.784,-181.029,-728.989,-9.55349,-688.738,-3.81667,-491.943,177.409,-491.817,277.624,-525.437,357.398,-534.308,498.425,-418.312,596.765,-338.649,683.819,-298.489,815.095,-173.083,926.324,-52.5571,980.568,19.5451,816.22,34.1147,679.213,77.167,634.138,91.0458,521.097,73.7691,461.363,-35.2985,343.774,-39.1311,258.003,-16.4045,223.231,-29.9045,56.3597,-106.708,-64.9788,-189.73,-219.862,-216.729,-282.72,-28.6145,-338.535,-78.3219,-383.256,-167.446,-348.397,-340.53,-479.223,-368.434,-573.082,-291.042,-640.146,-447.77,-793.748,-559.428,-831.144,-747.516,-801.01,-839.828
-737.806,-864.55,-556.998,-863.9,-398.413,-762.257,-219.503,-734.209,-180.088,-731.473,-8.70644,-690.941,-2.59458,-492.771,178.208,-493.178,277.947,-529.38,358.517,-538.305,499.538,-421.258,597.732,-340.16,685.611,-299.694,816.767,-173.601,926.512,-53.5263,981.398,19.3835,816.82,35.1284,680.417,79.0514,634.823,93.0653,521.179,76.1037,460.973,-33.9818,344.174,-36.107,257.525,-13.2132,222.481,-26.8812,54.8997,-105.051,-64.1661,-188.091,-220.359,-215.013,-282.548,-26.9012,-338.797,-76.8653,-383.732,-166.184,-348.625,-339.437,-480.332,-367.143,-574.792,-289.422,-642.465,-446.914,-796.147,-558.654,-832.477,-748.024,-802.142,-841.404
-738.192,-866.258,-555.949,-865.545,-398.813,-763.195,-218.785,-736.633,-179.111,-733.971,-7.85884,-693.166,-1.37668,-493.617,179.03,-494.558,278.238,-533.352,359.611,-542.333,500.664,-424.228,598.707,-341.676,687.417,-300.902,818.415,-174.135,926.693,-54.5327,982.226,19.1952,817.445,36.1602,681.624,80.946,635.506,95.0983,521.252,78.4229,460.545,-32.7025,344.555,-33.0716,257.027,-10.0099,221.721,-23.8567,53.4265,-103.385,-63.2807,-186.416,-220.85,-213.275,-282.37,-25.1074,-339.058,-75.3078,-384.264,-165.056,-349.042,-338.422,-481.468,-365.853,-576.53,-287.794,-644.833,-446.086,-798.575,-557.892,-833.817,-748.559,-803.277,-843.02
-738.576,-868.005,-554.884,-867.214,-399.206,-764.11,-218.061,-739.07,-178.11,-736.484,-7.00943,-695.414,-41.3552,-579.232,-0.115972,-494.473,179.875,-495.959,278.495,-537.35,360.678,-546.388,501.8,-427.225,599.69,-343.195,689.239,-302.112,820.038,-174.688,926.863,-55.5736,983.053,18.9817,818.094,37.2087,682.836,82.8511,636.186,97.1414,521.297,80.731,460.085,-31.4608,344.918,-30.0257,256.505,-6.79748,220.956,-20.8291,51.6469,-101.668,-62.325,-184.703,-221.334,-211.52,-282.185,-23.2271,-339.362,-73.8543,-384.749,-163.725,-349.57,-337.48,-482.608,-364.544,-578.298,-286.158,-647.25,-445.284,-801.031,-557.142,-835.161,-749.122,-804.417,-844.674
-738.958,-869.789,-553.802,-868.909,-399.655,-765.094,-217.307,-741.447,-177.092,-739.017,-6.16201,-697.682,-40.7206,-580.811,1.15927,-495.334,180.742,-497.378,278.72,-541.375,361.716,-550.467,502.947,-430.25,600.68,-344.72,691.075,-303.324,821.635,-175.255,927.026,-56.6519,983.877,18.7453,818.766,38.2775,684.048,84.7705,636.865,99.1995,521.314,83.0282,459.604,-30.234,345.264,-26.97,255.966,-3.57404,220.223,-17.8006,49.9517,-99.9455,-61.4477,-182.944,-221.808,-209.749,-282.007,-21.3134,-339.699,-72.4484,-385.213,-162.229,-350.174,-336.597,-483.748,-363.21,-580.094,-284.514,-649.716,-444.505,-803.518,-556.403,-836.483,-749.664,-805.539,-846.313
-739.334,-871.602,-552.707,-870.63,-400.121,-766.093,-216.545,-743.823,-176.059,-741.556,-5.31376,-699.973,-40.0776,-582.409,2.44536,-496.196,181.634,-498.816,278.911,-545.425,362.726,-554.569,504.103,-433.303,601.678,-346.249,692.926,-304.538,823.21,-175.842,927.18,-57.7667,984.699,18.4819,819.46,39.3666,685.263,86.7037,637.542,101.272,521.303,85.3136,459.106,-29.0121,345.596,-23.9046,255.421,-0.340031,219.489,-14.7673,48.3013,-98.2081,-60.6691,-181.138,-222.287,-207.95,-281.84,-19.3861,-340.063,-71.0664,-385.661,-160.674,-350.848,-335.736,-484.886,-361.845,-581.919,-282.861,-652.232,-443.749,-806.036,-555.676,-837.782,-750.188,-806.653,-847.949
-739.701,-873.44,-551.599,-872.379,-400.589,-767.086,-215.783,-746.219,-175.015,-744.107,-4.48189,-702.29,-39.428,-584.024,3.77638,-497.069,182.225,-500.81,279.07,-549.497,363.71,-558.695,505.267,-436.385,602.694,-347.754,694.778,-305.782,824.759,-176.446,927.327,-58.9177,985.519,18.1915,820.175,40.4772,686.48,88.6511,638.217,103.359,521.265,87.5875,458.593,-27.7917,345.914,-20.8322,254.868,2.90608,218.707,-11.6849,46.6866,-96.4511,-59.9797,-179.287,-222.776,-206.125,-281.685,-17.4524,-340.449,-69.6996,-386.095,-159.106,-351.586,-334.884,-486.022,-360.449,-583.772,-281.197,-654.798,-443.012,-808.582,-554.956,-839.059,-750.69,-807.761,-849.593
-740.064,-875.301,-550.479,-874.154,-401.054,-768.063,-215.026,-748.643,-173.965,-746.675,-3.66352,-704.633,-38.7578,-585.681,5.11759,-497.956,182.674,-503.056,279.195,-553.594,364.666,-562.844,506.439,-439.504,603.727,-349.235,696.628,-307.055,826.285,-177.068,927.463,-60.1045,986.338,17.8753,820.91,41.6097,687.701,90.611,638.889,105.46,521.2,89.8474,458.064,-26.5692,346.22,-17.7531,254.295,6.17046,217.886,-8.56536,45.1074,-94.6727,-59.365,-177.393,-223.276,-204.277,-281.545,-15.5186,-340.855,-68.3438,-386.538,-157.446,-352.374,-334.069,-487.156,-359.027,-585.651,-279.518,-657.412,-442.296,-811.157,-554.242,-840.314,-751.173,-808.862,-851.25
-740.417,-877.187,-549.346,-875.957,-401.514,-769.021,-214.274,-751.099,-172.913,-749.265,-2.85683,-707.004,-38.0678,-587.388,6.47325,-498.858,183.047,-505.432,279.298,-557.697,365.595,-567.015,507.627,-442.643,604.775,-350.69,698.476,-308.359,827.786,-177.707,927.587,-61.3268,987.154,17.535,821.667,42.763,688.926,92.5805,639.559,107.578,521.108,92.0948,457.521,-25.347,346.515,-14.6638,253.697,9.45516,217.031,-5.4147,43.5652,-92.8719,-59.4868,-175.639,-223.791,-202.41,-281.42,-13.5857,-341.278,-66.998,-386.979,-155.752,-353.22,-333.27,-488.289,-357.58,-587.557,-277.826,-660.077,-441.596,-813.76,-553.535,-728.584,-688.324,-841.545,-751.638,-809.959,-852.923
-740.761,-879.098,-548.198,-877.786,-401.968,-769.956,-213.527,-753.587,-171.863,-751.881,-2.06175,-709.402,-37.3598,-589.148,7.8366,-499.781,183.442,-507.828,279.367,-561.802,366.501,-571.203,508.836,-445.801,605.84,-352.12,700.327,-309.693,829.264,-178.365,927.698,-62.5823,987.966,17.1707,822.444,43.938,690.156,94.558,640.227,109.709,520.988,94.3303,456.963,-24.1223,346.799,-11.5617,253.072,12.7606,216.143,-2.23658,42.214,-90.9891,-59.9403,-173.916,-224.318,-200.524,-281.306,-11.6528,-341.645,-65.3891,-387.55,-154.356,-354.125,-332.476,-489.424,-356.111,-589.49,-276.121,-662.794,-440.909,-816.392,-552.835,-729.289,-688.37,-842.752,-752.085,-811.052,-854.615
-741.098,-881.033,-547.033,-879.64,-402.416,-770.869,-212.787,-756.111,-170.788,-754.423,-1.27567,-711.829,-36.6304,-590.867,9.1315,-500.807,183.861,-510.243,279.403,-565.913,367.384,-575.404,510.067,-448.971,606.924,-353.527,702.179,-311.057,830.715,-179.036,927.797,-63.8744,988.774,16.7796,823.242,45.1352,691.391,96.5437,640.895,111.855,520.84,96.555,456.392,-22.8976,347.071,-8.44358,252.421,16.0883,215.224,0.966421,41.0555,-89.0136,-60.5732,-172.186,-224.857,-198.62,-281.183,-9.64011,-342.055,-63.8683,-388.073,-152.87,-355.085,-331.687,-490.559,-354.623,-591.449,-274.401,-665.561,-440.235,-819.05,-552.139,-730.197,-688.642,-843.934,-752.515,-812.145,-856.324
-741.426,-882.992,-545.851,-881.518,-402.861,-771.758,-212.048,-758.648,-169.699,-756.926,-0.502544,-714.283,-35.8761,-592.576,10.3736,-501.895,184.303,-512.675,279.406,-570.032,368.242,-579.616,511.319,-452.154,608.026,-354.91,704.029,-312.451,832.138,-179.72,927.915,-65.1429,989.612,16.3948,824.06,46.354,692.632,98.5393,641.562,114.013,520.665,98.7682,455.81,-21.672,347.333,-5.3073,251.741,19.4369,214.27,4.19251,40.063,-86.9461,-61.3105,-170.435,-225.412,-196.7,-281.063,-7.59601,-342.494,-62.3867,-388.602,-151.26,-356.083,-330.933,-491.698,-353.114,-593.435,-272.667,-668.377,-439.573,-821.712,-551.43,-731.207,-689.052,-845.088,-752.934,-813.235,-858.053
-741.747,-884.975,-544.653,-883.422,-403.299,-772.622,-211.308,-761.192,-168.599,-759.405,0.257241,-716.764,-35.0993,-594.291,11.6212,-503.036,184.771,-515.124,279.378,-574.161,369.076,-583.839,512.592,-455.355,609.147,-356.269,705.879,-313.874,833.534,-180.414,928.045,-66.407,990.479,16.0148,824.898,47.5961,693.877,100.544,642.23,116.185,520.463,100.967,455.216,-20.4444,347.582,-2.15204,251.033,22.8075,213.284,7.44073,39.2095,-84.7887,-62.0673,-168.664,-225.99,-194.751,-280.95,-5.53642,-342.952,-60.9258,-389.128,-149.605,-356.997,-330.203,-492.838,-351.587,-595.445,-270.916,-671.235,-438.924,-824.384,-550.699,-732.31,-689.53,-846.214,-753.34,-814.326,-859.801
-742.059,-886.983,-543.438,-885.351,-403.73,-773.462,-210.611,-763.714,-167.49,-761.868,1.00482,-719.273,-34.3006,-596.017,12.8439,-504.231,185.267,-517.583,279.316,-578.298,369.887,-588.074,513.884,-458.573,610.287,-357.606,707.73,-315.328,834.9,-181.117,928.183,-67.6724,991.376,15.6388,825.753,48.8622,695.127,102.561,642.9,118.373,520.238,103.148,454.609,-19.215,347.816,1.02197,250.298,26.2007,212.268,10.7113,38.4735,-82.5462,-62.8155,-166.869,-226.586,-192.777,-280.843,-3.4692,-343.362,-59.2371,-389.774,-148.217,-357.592,-329.306,-493.981,-350.043,-597.481,-269.149,-674.133,-438.288,-827.068,-549.943,-733.384,-690.011,-847.314,-753.734,-815.418,-861.568
-742.362,-889.017,-679.735,-869.64,-542.204,-887.303,-404.156,-774.277,-209.942,-766.213,-166.384,-764.314,1.74215,-721.809,-33.4774,-597.756,14.0375,-505.463,185.791,-520.052,279.221,-582.444,370.673,-592.317,515.197,-461.808,611.448,-358.921,709.58,-316.812,836.238,-181.826,928.327,-68.9424,992.303,15.265,826.625,50.1532,696.383,104.591,643.57,120.575,519.99,105.308,348.041,4.22465,249.599,29.5739,211.223,14.0042,37.8388,-80.2257,-63.5398,-165.047,-227.199,-190.77,-280.723,-1.3264,-343.807,-57.6275,-390.412,-146.658,-358.284,-328.52,-495.18,-348.525,-599.543,-267.367,-677.046,-437.657,-829.765,-549.162,-734.429,-690.5,-848.386,-754.116,-816.513,-863.354
-742.658,-891.074,-679.451,-871.53,-540.951,-889.278,-404.581,-775.069,-209.296,-768.695,-165.29,-766.741,2.47272,-724.375,-32.6295,-599.507,15.2555,-506.726,186.344,-522.53,279.093,-586.596,371.435,-596.572,516.53,-465.057,612.63,-360.214,711.427,-318.326,837.546,-182.543,928.479,-70.2187,993.259,14.891,827.514,51.4691,697.646,106.632,644.243,122.793,519.719,107.45,348.258,7.45623,248.913,32.9382,210.167,17.3062,37.2912,-77.8309,-63.9202,-163.148,-227.83,-188.737,-280.602,0.847824,-344.275,-56.0518,-391.041,-145.037,-359.035,-327.775,-496.396,-347.001,-601.628,-265.567,-679.967,-437.027,-832.473,-548.353,-735.444,-690.993,-849.432,-754.482,-817.607,-865.162
-742.946,-893.156,-679.151,-873.443,-539.677,-891.275,-405.008,-775.837,-208.671,-771.159,-164.211,-769.149,3.19297,-726.969,-31.7566,-601.27,16.4238,-508.044,186.926,-525.017,278.932,-590.758,372.174,-600.837,517.881,-468.324,613.831,-361.485,713.272,-319.869,838.825,-183.266,928.639,-71.5009,994.246,14.5154,828.418,52.8111,698.915,108.687,644.918,125.026,519.427,109.569,348.468,10.7169,248.24,36.3018,209.103,20.611,36.7713,-75.4055,-64.0559,-161.193,-228.475,-186.686,-280.484,3.03627,-344.763,-54.4915,-391.662,-143.394,-359.827,-327.046,-497.618,-345.461,-603.739,-263.751,-682.889,-436.399,-835.19,-547.515,-736.43,-691.49,-850.453,-754.832,-818.702,-866.989
-743.225,-895.262,-678.833,-875.377,-538.382,-893.292,-405.433,-776.58,-208.066,-773.604,-163.143,-771.539,3.90147,-729.591,-30.8585,-603.045,17.5267,-509.417,187.536,-527.513,278.737,-594.926,372.89,-605.114,519.249,-471.61,615.049,-362.73,715.118,-321.443,840.075,-183.995,928.805,-72.7884,995.263,14.1363,829.337,54.1787,700.192,110.753,645.594,127.275,519.116,111.666,348.671,14.0068,247.575,39.6656,208.036,23.9174,35.8767,-73.1488,-63.9976,-159.191,-229.027,-184.698,-280.372,5.23218,-345.268,-52.9391,-392.273,-141.747,-360.654,-326.327,-498.842,-343.9,-605.875,-261.917,-685.812,-435.77,-837.916,-546.647,-737.386,-691.994,-851.448,-755.167,-819.797,-868.839
-743.493,-897.393,-678.5,-877.335,-537.067,-895.332,-405.939,-777.388,-207.48,-776.031,-162.09,-773.909,4.59682,-732.239,-29.9327,-604.827,18.551,-510.783,188.175,-530.014,278.509,-599.098,373.582,-609.401,520.634,-474.913,616.6,-364.118,716.964,-323.046,841.296,-184.734,928.977,-74.081,996.309,13.7567,830.273,55.5717,701.476,112.832,646.269,129.536,518.785,113.741,348.866,17.3257,246.918,43.0319,206.974,27.226,35.0716,-70.835,-64.2356,-157.245,-229.515,-182.751,-280.268,7.43245,-345.791,-51.3915,-392.906,-140.015,-361.221,-325.475,-500.066,-342.318,-608.035,-260.067,-688.738,-435.141,-840.65,-545.749,-738.312,-692.504,-852.417,-755.487,-820.891,-870.71
-743.749,-899.552,-678.154,-879.316,-535.73,-897.392,-406.477,-778.208,-206.914,-778.444,-161.052,-776.261,5.2819,-734.916,-28.98,-606.617,19.5103,-512.163,188.844,-532.522,278.249,-603.279,374.25,-613.696,487.671,-489.818,522.036,-478.231,618.169,-365.482,718.812,-324.68,842.488,-185.479,929.154,-75.3775,997.386,13.3751,831.223,56.9905,702.766,114.922,646.943,131.809,518.432,115.795,349.056,20.674,246.27,46.4009,205.921,30.5367,34.4086,-68.4667,-64.5808,-155.319,-229.962,-180.837,-280.176,9.63492,-346.331,-49.8477,-393.541,-138.254,-361.922,-324.715,-501.339,-340.757,-610.218,-258.197,-691.66,-434.514,-843.395,-544.82,-739.21,-693.019,-853.359,-755.794,-821.983,-872.605
-743.995,-901.737,-677.794,-881.321,-534.37,-899.473,-407.028,-779.019,-301.427,-726.531,-206.368,-780.842,-160.027,-778.595,5.95491,-737.62,-28.0019,-608.417,20.4184,-513.572,189.542,-535.038,277.955,-607.469,374.894,-618,488.715,-493.303,523.455,-481.566,619.758,-366.824,720.663,-326.343,843.652,-186.236,929.335,-76.6773,998.492,12.9923,832.188,58.4357,704.063,117.026,647.617,134.095,518.058,117.827,349.239,24.0517,245.632,49.7721,204.873,33.8494,33.8814,-66.0539,-64.9709,-153.398,-230.39,-178.95,-280.095,11.8396,-346.885,-48.3092,-394.17,-136.487,-362.698,-323.992,-502.626,-339.183,-612.427,-256.312,-694.575,-433.891,-846.152,-543.862,-740.078,-693.54,-854.273,-756.092,-823.07,-874.524
-744.229,-903.949,-677.421,-883.35,-532.99,-901.575,-407.583,-779.815,-301.51,-727.804,-205.841,-783.229,-159.012,-780.912,6.61595,-740.352,-26.9982,-610.227,21.2821,-515.014,190.269,-537.562,277.628,-611.666,375.515,-622.314,489.771,-496.806,524.89,-484.916,621.37,-368.145,722.516,-328.036,844.788,-187.005,929.519,-77.9801,999.628,12.6091,833.168,59.9069,705.364,119.145,648.294,136.399,517.664,119.837,349.416,27.4587,245.003,53.1453,203.831,37.1641,33.107,-63.7657,-65.2416,-151.402,-230.811,-177.084,-280.024,14.0467,-347.452,-46.7761,-394.791,-134.723,-363.521,-323.283,-503.917,-337.587,-614.662,-254.411,-697.484,-433.271,-848.92,-542.873,-740.916,-694.067